poi_name,latitude,longitude,address,poi_type
Hangzhou West Lake Scenic Area,30.222724,120.121288,,attraction
Bai Causeway,30.255701,120.149189,,attraction
Longjing Village,30.219700,120.113500,,attraction
Impression West Lake Performance,30.250800,120.149800,,attraction
Flying Peak,30.239119,120.101101,,attraction
City Balcony,30.241827,120.216803,,attraction
West Lake Longjing Shifeng Mountain Tea Frying Center,30.218958,120.105302,,attraction
Hangzhou Arts and Crafts Museum,30.315645,120.136930,,attraction
Xiling Seal Engravers' Society,30.250279,120.139948,,attraction
Yongfu Temple,30.238978,120.097524,,attraction
Mi Gui Restaurant·Seasonal Farmhouse Private Cuisine (Manjuelong Branch),30.218446,120.123766,,restaurant
2012 Andy Garden Restaurant - Yao Yao Qi Lobster Season (West Lake Store),30.218504,120.124210,,restaurant
Longjing Cottage,30.224969,120.116079,,restaurant
Hilltop Countryside Courtyard Restaurant,30.219221,120.116411,,restaurant
Tea People Village · West Lake Vinegar Fish (West Lake Longjing Branch),30.228327,120.119946,,restaurant
Qiao Ma Restaurant (West Lake Manjuelong Branch),30.217180,120.123502,,restaurant
Yunzhongju Homestay (West Lake Branch) Restaurant,30.217913,120.116908,,restaurant
Dixin · Longjing,30.226242,120.115439,,restaurant
Osmanthus Gui Restaurant·Mountain Cuisine,30.216775,120.123675,,restaurant
Yunjing Catering,30.228860,120.118489,,restaurant
Zhanbi Tower · West Lake Lakeview Restaurant,30.247279,120.133313,,restaurant
Lotus Encounter Garden Restaurant,30.247373,120.131962,,restaurant
Lou Wai Lou (Hangzhou West Lake Scenic Area Branch),30.250209,120.140723,,restaurant
Qinglan (Yang Gong Di Branch),30.248263,120.131589,,restaurant
Hangzhou Shangri-La Coffee Garden,30.252574,120.137577,,restaurant
Twelve Hours Lakeview Restaurant,30.251519,120.131988,,restaurant
North China Hotel - Chinese Restaurant,30.253808,120.133460,,restaurant
One Lake Spring Restaurant,30.257141,120.158020,,restaurant
Green Tea Restaurant (Six Park Store),30.257779,120.157824,,restaurant
Yixiangyuan Restaurant · Halal Ethnic Cuisine,30.257475,120.159475,,restaurant
Corner Restaurant,30.260575,120.153651,,restaurant
Hangzhou Casablanca Music Restaurant & Bar,30.260378,120.157253,,restaurant
Haihui Pavilion New Jiangnan Vegetarian Noodle Dining,30.239004,120.105828,,restaurant
Fayun Aman Western Restaurant,30.237412,120.097724,,restaurant
Dayin Qingxin Vegetarian Buffet Restaurant (Yinshi Branch),30.240622,120.106983,,restaurant
Ru Yi Restaurant,30.238028,120.106488,,restaurant
Beigao Peak Cableway Restaurant,30.243268,120.106763,,restaurant
Lu Ying Ji Forest-themed Restaurant (Lingyin Scenic Area Branch),30.238288,120.106949,,restaurant
Sansheng Xiaowu · Mountain Wild Food Collection (Hangzhou West Lake Lingyin Branch),30.235894,120.105016,,restaurant
Manshu · Tianzhu Courtyard Restaurant,30.235660,120.104613,,restaurant
Qiao Shi Courtyard Restaurant,30.235839,120.105186,,restaurant
Longjing Maoju · Western Restaurant · Afternoon Tea,30.218025,120.100475,,restaurant
Faxiang Vegetarian,30.226345,120.096756,,restaurant
Honey Lane Courtyard Restaurant · Team Building · Cafe (Faxi Temple Branch),30.226904,120.097711,,restaurant
Longjing Courtyard Restaurant,30.214875,120.107925,,restaurant
Fengyue Oriental Cuisine,30.226579,120.096738,,restaurant
Moon Bud Pusang Restaurant - Shangtianzhu Store,30.227291,120.097714,,restaurant
Yifang Private Garden Restaurant,30.227219,120.096891,,restaurant
Yiheng Yisu · Jixiang Restaurant (Gongchen Bridge Branch),30.317787,120.136903,,restaurant
BRIDGE · Western Restaurant,30.317777,120.136895,,restaurant
Baijia Family Restaurant (Wenzhou Road Branch),30.320706,120.141437,,restaurant
Courtyard Restaurant (Gongchen Bridge Store),30.315401,120.138443,,restaurant
Pizza Italian Restaurant (Canal Street Branch),30.319066,120.144087,,restaurant
Haokelai Steak (Hangzhou Tianyang D32 Restaurant),30.314744,120.137545,,restaurant
Thousand Islands Thousand Flavors (Canal Branch),30.321992,120.137046,,restaurant
Sanren Noodle Restaurant (Jinchang Wenhua Branch),30.312099,120.142601,,restaurant
Normal University Family Joyful Restaurant (Jiru Garden Branch),30.317507,120.129761,,restaurant
Nongtangli (Xiaohe Branch),30.309394,120.133173,,restaurant
Qianjiang Restaurant,30.259527,120.148472,,restaurant
Le Villa Restaurant,30.257025,120.144486,,restaurant
Hangzhou Xinxin Hotel · 1913 Restaurant,30.255994,120.144148,,restaurant
Zhejiang West Lake Villa · Buffet Restaurant,30.256935,120.142147,,restaurant
Lanxuan Restaurant,30.215821,120.117607,,restaurant
Meiling Family Restaurant,30.215918,120.117925,,restaurant
Mountain View Garden Restaurant in Hangzhou West Lake Scenic Area,30.216137,120.118931,,restaurant
Chalan Garden Restaurant (Jiuxi Branch),30.212569,120.117874,,restaurant
Funloop Fanglu · Lakeside Southern European Restaurant (West Lake Tiandi Branch),30.246602,120.158183,,restaurant
Dahua Hotel Chinese Restaurant (Minghu Courtyard),30.248644,120.159973,,restaurant
One Way Eat · Lakeview Restaurant · Taste West Lake,30.249628,120.160452,,restaurant
Hidden Lake Shangyue Restaurant,30.247175,120.160262,,restaurant
Shinian Courtyard Restaurant (Lingyin Branch),30.238952,120.108082,,restaurant
German Beer House (Sasseur International Lifestyle Plaza Branch),30.243117,120.214133,,restaurant
La Lune Moon Goddess Western Restaurant,30.244223,120.215211,,restaurant
Above the Moon Restaurant (Hangzhou Grand Theater Store),30.244231,120.215216,,restaurant
Elements All-Day Dining at Hangzhou InterContinental Hotel,30.242050,120.213522,,restaurant
Hangzhou Intercontinental Hotel · Riyuexuan Chinese Restaurant,30.242390,120.213277,,restaurant
Lao Niang Jiu (Hangzhou Citizen Center Branch),30.241541,120.212714,,restaurant
Qianjiang New City Marriott Hotel Chinese Restaurant,30.245818,120.217529,,restaurant
Hangzhou Qianjiang New City Marriott Hotel - Urban Kitchen All-Day Dining Restaurant,30.245806,120.217618,,restaurant
Nandi · Chinese Restaurant (Dikai Yinzuo Branch),30.241797,120.211522,,restaurant
Hong Kong Tsui Garden Tea Restaurant,30.241325,120.211522,,restaurant
Grand Courtyard (Xixi Road),30.257620,120.092557,,restaurant
Fudi Restaurant,30.260346,120.095285,,restaurant
Fuyuan Xincun Senior Citizen Restaurant,30.264739,120.094010,,restaurant
Tu Haha Music Bar & Restaurant (Taifu Plaza Branch),30.165000,120.285112,,restaurant
Radisson Blu Hotel Xiaoshan·Jufeng Chinese Restaurant,30.163626,120.284667,,restaurant
Qingzhu Music Restaurant Bar,30.164001,120.283843,,restaurant
Orange Crystal Hangzhou Binjiang Star Avenue Hotel·Breakfast Room (Not Open to Public),30.209972,120.204770,,restaurant
Jijuhe Self-Service Restaurant (Hualian · Starlight Avenue Phase 2 Branch),30.210159,120.206846,,restaurant
Pizza Italian Restaurant (Starlight Avenue Branch),30.211033,120.206898,,restaurant
Shu Laohei Quzhou Cuisine Self-service Restaurant (Zhonghe Middle Road Branch),30.254296,120.172149,,restaurant
Yuyue Hall Iron Pot Fish (Qiandao Lake Branch),29.623747,119.038611,,restaurant
Xunwei Shanyuhu Restaurant (Qiandao Lake Store),29.623439,119.039258,,restaurant
Le Serein Sunset Moments · Coffee · Afternoon Tea,29.627083,119.041678,,restaurant
Liangzhu Quanxuehui Restaurant (Quanxuehui Branch),30.349325,120.016625,,restaurant
Meet Music BBQ Bar,30.342725,120.013775,,restaurant
Zhiwei Small Restaurant,30.351141,120.021850,,restaurant
Baijia Chicken Flavor Restaurant (Qingtai Branch),30.246504,120.172894,,restaurant
Jade Dragonfly Restaurant,30.243917,120.178859,,restaurant
Hangzhou Red Star Cultural Hotel - Jade Dragonfly Restaurant,30.243913,120.179120,,restaurant
Macau Chan Kwong Kee (Xiaoshan International Airport T4 Departure Mezzanine Branch),30.234878,120.431013,,restaurant
Original No. 1 Restaurant,30.228891,120.426744,,restaurant
Go Wild Restaurant,30.238984,120.446523,,restaurant
RayPub Dim Light (Zhonghe Branch),30.255686,120.172190,,restaurant
Hangzhou Regal Plaza International Hotel · Buffet Restaurant (Pinghai Road Branch),30.254637,120.170946,,restaurant
Ruili Jianghehui Hotel · First Line Tide Western Restaurant,30.256319,120.225463,,restaurant
Qiantang Mansion Restaurant,30.256362,120.225355,,restaurant
Riverside Restaurant,30.255968,120.225320,,restaurant
City Blue Hall · Xiangzhang Garden,30.276928,120.188435,,restaurant
Quzhou Cuisine Self-service Restaurant (Meibo City Branch),30.276300,120.190958,,restaurant
Hui · Drinks and Snacks (Lantian City Garden Branch),30.284710,120.189495,,restaurant
Ah Hua Chinese Restaurant (Yiqiao Branch),30.068644,120.208549,,restaurant
KFC Drive-thru Restaurant (Yiqiao Sanhui Road DT Branch),30.068650,120.203553,,restaurant
Yupu Restaurant,30.065774,120.198998,,restaurant
Huahuiwei Restaurant,30.469781,119.769475,,restaurant
Xiaozhu River Fresh Restaurant (Xinhu Golden Pond Branch),30.470169,119.768906,,restaurant
Zhongda Langyuan Restaurant,30.470213,119.764273,,restaurant
Dianweiyuan · Yunnan Cuisine Restaurant (Linping Branch),30.428199,120.304135,,restaurant
Yinhu·Qiushan Branch,30.429778,120.309058,,restaurant
Shenzhen·Keming Ice Room (Shenzhen Airport Satellite Hall Branch),22.639733,113.803406,,restaurant
MUJI Coffee Restaurant (Shenzhen Bao'an International Airport Terminal 3 P2 Parking Lot),22.630297,113.810328,,restaurant
Tsui Wah Restaurant (Bao'an Airport Store 1),22.630102,113.810934,,restaurant
Shangri-La Hotel Coffee Restaurant,22.533580,114.118215,,restaurant
Tea Meal Ice Room (Luohu Commercial City Branch),22.530777,114.119140,,restaurant
Kou'an Roast Flavors Tea Restaurant,22.529554,114.118800,,restaurant
Jinliang Restaurant,22.609729,114.031778,,restaurant
Chuan Yue Zhe Tea Restaurant (Shenzhen North Station Branch),22.609482,114.032361,,restaurant
Saizeriya Italian Restaurant (Bingo Space Branch),22.611458,114.031989,,restaurant
Shenji Hong Kong-Style Tea Restaurant (Tiancheng Yinzuo Building 3 Branch),30.289940,120.207477,,restaurant
Guangweixuan Hong Kong-Style Tea Restaurant (Hangzhou East Station),30.290107,120.209962,,restaurant
Airuiyun Restaurant (Dongxi Debi Yiyuan Branch),30.291007,120.217230,,restaurant
Bawi Restaurant (Lin Sihou Branch),30.261369,120.175326,,restaurant
Yicheng Shangpin Seafood Theme Restaurant,30.263975,120.180125,,restaurant
Donghua Homestyle Restaurant,30.261164,120.176364,,restaurant
Xiaoxiang Restaurant,30.321061,119.782416,,restaurant
Ji Yu Restaurant,30.316191,119.785228,,restaurant
A Dong Restaurant,30.321746,119.803167,,restaurant
Hangzhou Liangyun Juntin Hotel,30.349502,120.012755,"Room 1-1, Shuyun Mingdi, Liangzhu Street, Yuhang District, Hangzhou, Zhejiang Province",hotel
Hanting Hotel Hangzhou Lin'an Qingshan Lake Science and Technology City,30.320219,119.784151,"Building 7, Yaguan Xintiandi, East Side of Dayuan Road, North Side of Changxi Line, Qingshan Lake Science and Technology City, Lin'an District, Hangzhou, part of the first floor, and floors four to nine",hotel
Dehao Design Hotel (Linping Donghu International Commercial Center Branch),30.431516,120.314651,"Floor 4, Building 1, No. 1082 Xingguang Street, Donghu Street, Linping District, Hangzhou, Zhejiang Province",hotel
Hangzhou Jingjiang Hotel,30.229744,120.473752,"No. 50 Weishen Road, Jingjiang Street, Xiaoshan District",hotel
Hangzhou Impression Xizi Hotel (West Lake Scenic Area Branch),30.245254,120.174529,"No. 165 Youshengguan Road, Shangcheng District, Hangzhou",hotel
Qiandao Lake Xiushui Resort Hotel,29.624588,119.039113,"Building 5, Sunshine Waterfront, Yangguang Road, Qiandaohu Town",hotel
Qiandao Lake Star Island Impression Resort Hotel,29.600082,119.022247,"No. 88 Menggu Road, Qiandaohu Town, Chun'an County (diagonally opposite the Qiandao Lake Tourism Resort Administration Committee)",hotel
Sheraton Grand Hangzhou Wetland Park Resort,30.267616,120.088785,"Building 1, Xixi Paradise International Tourism Complex, Zijin Harbor Road",hotel
Hangzhou Realy Riverfront Hotel,30.256419,120.225490,"No. 1299 Zhijiang Road, Shangcheng District (next to Jianggan Cultural and Sports Center, near Civic Center and MixC Mall)",hotel
Ji Hotel Hangzhou Yiqiao Zhongtai Science and Technology Plaza,30.067487,120.207167,"Building 1, No. 168 Dongfang Road, Yiqiao Town, floors 1, 3, and 19-23",hotel
Ji Hotel Hangzhou Fuyang Osmanthus West Road Metro Station,30.045100,119.935000,"No. 69 Jinqiao South Road, Fuchun Street",hotel
Atour Hotel Hangzhou West Lake Hubin Intime,30.255412,120.172154,"Jingjin Building, No. 228 Zhonghe Middle Road",hotel
Atour Hotel Hangzhou Binjiang Starlight Avenue,30.209201,120.205245,"Hanshi Building, No. 1786 Binsheng Road, Binjiang District, Hangzhou, Zhejiang Province",hotel
Hangzhou Marriott Executive Apartments,30.282766,119.999425,"Building 10, EFC Euro-American Financial City, No. 2609 Yuhangtang Road, Cangqian Street",hotel
Hampton by Hilton Hangzhou Binjiang,30.214829,120.224650,"No. 599 Binfen Street, Binjiang District, Hangzhou, near Jiangnan Avenue",hotel
Hilton Garden Inn Hangzhou Lvniao,30.469522,119.769431,"No. 8 Xunli Street, Lunu Town",hotel
Home Inn - Hangzhou West Lake Wulin Square Wulinmen Metro Station Branch,30.270777,120.152942,"No. 508 Tiyuchang Road, Beishan Street, Xihu District, Hangzhou, Zhejiang Province",hotel
Home Inn NEO - Hangzhou Wulin Square Chaohui Road Canal Branch,30.277893,120.184128,"Building 11, Liushui Dongyuan, Gongshu District, Hangzhou",hotel
Hanting Hotel Hangzhou Binjiang Baolong City,30.184201,120.162140,"Floors 1-3, No. 3788 Jiangnan Avenue",hotel
Orange Hotel Hangzhou West Lake Fengqi Road,30.264900,120.176000,"No. 108 Fengqi Road, floors 9-23",hotel
Xiaoshan International Airport,30.234708,120.432413,"No. 1, Airport Road 1",airport
Bao'an International Airport,22.636116,113.808156,Airport South Road,airport
Tianhe International Airport,30.234708,120.432413,"No. 1, Airport Road 1",airport
Wuxu Airport,22.601718,108.187631,"No. 1, Airport Avenue, Wuxu Town",airport
Hangzhou East Station,30.290846,120.212605,"No. 1, Tiancheng Road",train_station
Hangzhou West Station,30.260867,120.091014,"No. 357, Tianmushan Road",train_station
Shenzhen Station,22.531951,114.117716,"No. 1001, Jianshe Road",train_station
Huangshan North Station,30.342275,120.166641,"No. 448, Shenban Road, Banshan Subdistrict, opposite Daqing Gas Station, 900 meters to Hangzhou North Station",train_station
Hangzhou South Station,30.172640,120.295589,"No. 328, Zhanqian Road, Xintang Subdistrict",train_station
Fuzhou South Station,25.986348,119.391728,"No. 2, Yongnan Road",train_station
Shenzhen North Station,22.609878,114.029506,"No. 28, Zhiyuan Middle Road, Beizhan Community, Minzhi Subdistrict",train_station
Nanchang East Station,30.290846,120.212605,"No. 1, Tiancheng Road",train_station
Wenzhou South Station,27.961921,120.584480,"Wenzhou South Station Public Security Police Station, Wenzhou South Station",train_station
Futian Station,22.538136,114.057201,"Intersection of Shennan Avenue and Yitian Road, Futian Subdistrict",train_station
Nanchang Station,28.661832,115.919876,"No. 213, Erqi South Road",train_station
Nanchang West Station,22.527871,113.907410,"Intersection of Xuefu Road and Moon Bay Avenue, Shenzhen West Station, F1 Level",train_station
Dongguan South Station,30.172640,120.295589,"No. 328, Zhanqian Road, Xintang Subdistrict",train_station
Xuancheng Station,30.947421,118.774463,"No. 110, Diezhang East Road",train_station
Rui'an Station,27.766806,120.581982,Jiangnan Avenue,train_station
Xiamen North Station,22.609878,114.029506,"No. 28, Zhiyuan Middle Road, Beizhan Community, Minzhi Subdistrict",train_station
Hangzhou Xiaoshan International Airport,30.234708,120.432413,"No. 1, Airport Road 1",airport
Shenzhen Bao'an International Airport,22.636116,113.808156,Airport South Road,airport
Shenzhen Futian Station,22.538136,114.057201,"Intersection of Shennan Avenue and Yitian Road, Futian Subdistrict",train_station
Green Tea Restaurant (Hangzhou East Station MixC Branch),30.293504,120.217725,,restaurant
Minhua Ice Room (Hangzhou East Station MixC Mall Branch),30.294025,120.217615,,restaurant
Hangzhou Xiaoshan International Airport - No. 3 Restaurant,30.239055,120.446681,,restaurant
Air China Staff Restaurant (Air China Base Store),30.238608,120.449026,,restaurant
Xiangleyuan Chinese Restaurant (Shangri-La Shenzhen Futian Branch),22.536540,114.058082,,restaurant
Xiangleyuan Chinese Restaurant · Huaiyang Cuisine (Shenzhen Futian Shangri-La Branch),22.536225,114.057075,,restaurant
Fresh Coffee · Seafood Buffet Restaurant (Shenzhen Futian Shangri-La Branch),22.535981,114.056898,,restaurant
Jiayuan Hotel,22.535872,114.058156,,restaurant
Walnut Music Tavern (Link Center City Store),22.536387,114.059591,,restaurant
Hangzhou Xixi Sheraton Resort Chinese Restaurant,30.267651,120.088566,,restaurant
Sheraton Feast Signature Restaurant (Zijingang Road Branch),30.267375,120.088275,,restaurant
Baiyun Restaurant,30.267254,120.087030,,restaurant
Xixi Courtyard (Xixi Paradise Store),30.265570,120.089190,,restaurant
Zangxian Workshop · West Joy Restaurant (Xixi Branch),30.265105,120.087535,,restaurant
Xilin Ke Restaurant,30.434064,120.315583,,restaurant
Chuan Meizi Theme Restaurant,30.434833,120.312926,,restaurant
Xinfengyuan Restaurant,30.441025,120.316725,,restaurant
Northeast Small Restaurant,30.234222,120.470304,,restaurant
Zhang Zhengfa Tea Restaurant,30.235334,120.472996,,restaurant
Cheng Xiansheng Steamed Seafood (Konggang Xintiandi Branch),30.235424,120.473781,,restaurant
Longjiang Lao Wei Pork Knuckle · Roasted Meat Restaurant (Konggang Xintiandi Branch),30.235342,120.472522,,restaurant
Green Card Elephant · Holiday Restaurant (Konggang Xintiandi Branch),30.235804,120.473725,,restaurant
Hong Kong New Yao Kee Tea Restaurant (Binsheng Branch),30.188483,120.161970,,restaurant
Amber Palace - Modern Indian Restaurant (Hangzhou Binjiang Baolong City Store),30.187119,120.167293,,restaurant
Gurute BBQ Buffet Restaurant,30.187283,120.167183,,restaurant
Saizeriya Italian Restaurant (Hangzhou Binjiang Baolong City Store),30.187899,120.166814,,restaurant
Papà Danilo Uncle Danilo · Italian Pasta (Binjiang Powerlong City Branch),30.188157,120.166721,,restaurant
Congee King Hong Kong-Style Tea Restaurant,30.272232,120.152999,,restaurant
Halal · Yusuf Beef Noodles Huan Cheng West Road Branch (Halal Restaurant),30.271308,120.154691,,restaurant
Shu Laohei Quzhou Cuisine Self-Service Restaurant,30.272868,120.152295,,restaurant
Tiangang Xiyue Hotel·Yue Restaurant (Hangzhou West Lake Branch),30.272883,120.151323,,restaurant
Australian Mao Tou Restaurant,30.272326,120.155974,,restaurant
Zhiqingu Restaurant (Jinqiao South Road Branch),30.045179,119.934954,,restaurant
Yuanzhi Original Flavor Restaurant,30.046112,119.936143,,restaurant
Top Fresh Restaurant,30.046478,119.936094,,restaurant
Zhou Lin Restaurant (Wenjiao Xiyuan Branch),30.043980,119.937205,,restaurant
Longjun Restaurant,30.047505,119.935438,,restaurant
Gui Hua Li Jiangnan Flavor (Cangqian Wanda Plaza Branch),30.281700,119.998428,,restaurant
Zhang Zhengfa Tea Restaurant (Yuhang Store),30.284404,119.999831,,restaurant
Joe Street Late Night Diner (Future Tech City Wanda Branch),30.281433,119.998242,,restaurant
Pizza Italian Restaurant (EFC LIVE Euro Plaza Store),30.280757,119.999798,,restaurant
Sky Dome All-Day Dining Restaurant (Cangqian Wanda Plaza Store),30.281304,119.997524,,restaurant
Lai's Noodle House (Binfen Community Branch),30.215658,120.225423,,restaurant
Xinji Restaurant (Colorful Community Branch),30.215693,120.225437,,restaurant
Xiangyi Art Restaurant (Xinglanli Branch),30.214907,120.222038,,restaurant
Jin · JIN Restaurant (Xinglanli Branch),30.214704,120.220826,,restaurant
Every Chef Restaurant (Internet of Things Branch),30.214613,120.220007,,restaurant
Fish Gate Gourmet · Island Lake View Restaurant,29.599538,119.021846,,restaurant
Yufeng Courtyard Restaurant,29.599695,119.027468,,restaurant
Cuihua Fish House,29.598777,119.028073,,restaurant
Youyu Hotel,29.598446,119.028288,,restaurant
Spring Everlasting Restaurant (Qiandao Lake Branch),29.599314,119.028565,,restaurant
Three Pools Mirroring the Moon,30.238845,120.145369,,attraction
Kouzi International Hotel Restaurant,30.232386,120.149789,,restaurant
Liuying Lakeside,30.238732,120.154521,,restaurant
West Lake Banquet · Lakeview Restaurant,30.236157,120.154292,,restaurant
Ouxiangju Restaurant,30.230372,120.148032,,restaurant
Wenying Pavilion (Liulang Wenying Branch),30.240324,120.155890,,restaurant
Wei Lu · West Lake 1138 Cultural Tea Restaurant,30.230253,120.138864,,restaurant
West Lake Impressions Restaurant,30.234732,120.156845,,restaurant
Park 1999 Garden-Style Restaurant,30.240410,120.157740,,restaurant
Zhiweiguan · Weizhuang (Yang Gong Di Branch),30.230581,120.137300,,restaurant
New Liuying Restaurant (Nanshan Road Branch),30.239341,120.157948,,restaurant
Yang Causeway,30.232456,120.136580,,attraction
Zhiweiguan · Weizhuang (Yang Gong Di Branch),30.230581,120.137300,,restaurant
Wei Lu · West Lake 1138 Cultural Tea Restaurant,30.230253,120.138864,,restaurant
Jie Xiang Lou,30.229459,120.133953,,restaurant
West Lake State Guesthouse Ziwei Hall,30.234669,120.133019,,restaurant
Purple Bamboo·Water Music West Lake·Courtyard Restaurant,30.230567,120.131086,,restaurant
Yunshe Tea Restaurant,30.227673,120.133043,,restaurant
Green Shade Restaurant,30.227666,120.132958,,restaurant
Santai Villa Chinese Restaurant (Santai Road Branch),30.229423,120.129591,,restaurant
Zhejiang Hotel Garden Restaurant,30.232224,120.127510,,restaurant
Tulip Tea Catering (Prince Bay Park North Gate Welcome Pavilion Branch),30.227600,120.143830,,restaurant
Xiaohe Historical and Cultural Block,30.308302,120.135337,,attraction
Yuhe Bistro & Canteen Restaurant,30.307864,120.135234,,restaurant
Lulege Cat Garden Restaurant,30.307912,120.136153,,restaurant
Heyixuan Garden Restaurant,30.308787,120.134207,,restaurant
The 101st Garden Restaurant (Xiaohe Straight Street Branch),30.308955,120.133764,,restaurant
Tengfei Small Restaurant · Artisan Handmade · Tea & Wine Restaurant,30.308920,120.133695,,restaurant
New Tengfei Huayu Restaurant (Xiaohe Straight Street Branch),30.308929,120.133698,,restaurant
Ancient Path Lamb Flavor Restaurant,30.307053,120.137177,,restaurant
Yun Shui Yao · Yunnan Flavor,30.306812,120.137098,,restaurant
Geju Wine Lounge,30.306462,120.136888,,restaurant
West Lake Musical Fountain,30.254900,120.154700,,attraction
Filo Restaurant (Baifu Road Branch),30.256048,120.160868,,restaurant
Zhao Mansion Private Kitchen · Old Hangzhou Cuisine (West Lake Music Fountain Branch),30.255517,120.161265,,restaurant
Sullivan Western Restaurant (WAKE TOWN Commercial Street Branch),30.259038,120.159258,,restaurant
Wanghu Building · Chinese Restaurant,30.259017,120.159309,,restaurant
Gangji Tea Restaurant · No Pre-made Dishes (Yizhijia City Outlets Branch),30.257225,120.161325,,restaurant
China Academy of Art Xiangshan Campus,30.155446,120.076690,,attraction
Moss Green Art Space Restaurant,30.158534,120.075665,,restaurant
Yongsheng Tea Restaurant,30.158514,120.075573,,restaurant
Manxi Hotel Restaurant,30.159263,120.075329,,restaurant
Congee King Hong Kong-style Tea Restaurant (Art Academy Branch),30.159634,120.077400,,restaurant
Xinjiang Bilali Restaurant,30.150950,120.078561,,restaurant
Yuan Duo Duo Restaurant (Se Ke Bistro),30.152280,120.072100,,restaurant
Jun Harbor Hotel Restaurant,30.161054,120.078568,,restaurant
Little Chili Restaurant (West Street Food City Branch),30.159157,120.070865,,restaurant
Sichuan Pepper Memories Restaurant (Zhuanjiang Street Branch),30.159292,120.070799,,restaurant
Lava · Western Restaurant (Golden Street Meidi Branch),30.148904,120.079300,,restaurant
Autumn Moon over the Calm Lake Viewing Spot,30.252038,120.146210,,attraction
Zhejiang Provincial Museum (Gushan Branch),30.251243,120.143778,,attraction
Dawn at Su Causeway,30.243880,120.137960,,attraction
Xiaolu Creative Restaurant (Quyuan Branch),30.246209,120.132068,,restaurant
Qianyuan · Xingheji (Maojiabu Branch),30.240230,120.126352,,restaurant
